question,answer,ground_truth,contexts,faithfulness,answer_relevancy,context_precision,context_recall,avg_score
"Dữ liệu cá nhân nhạy cảm bao gồm những loại nào theo Nghị định 13/2023?","Dữ liệu cá nhân nhạy cảm bao gồm các thông tin liên quan đến quyền riêng tư của cá nhân mà khi bị xâm phạm sẽ gây ảnh hưởng trực tiếp tới quyền và lợi ích hợp pháp của chủ thể dữ liệu. Tuy nhiên, trong các đoạn văn cung cấp, không có thông tin cụ thể về các loại dữ liệu cá nhân nhạy cảm. Khong tim thay thong tin trong tai lieu duoc cung cap.","Theo Điều 2 khoản 4 Nghị định 13/2023, dữ liệu cá nhân nhạy cảm bao gồm: quan điểm chính trị, quan điểm tôn giáo, tình trạng sức khỏe và đời tư được ghi trong hồ sơ bệnh án, thông tin liên quan đến nguồn gốc chủng tộc hoặc nguồn gốc dân tộc, thông tin về đặc điểm di truyền được thừa hưởng hoặc có được của cá nhân, thông tin về thuộc tính vật lý và đặc điểm sinh học đặc trưng của cá nhân (thông tin sinh trắc học), thông tin về đời sống tình dục hoặc xu hướng tình dục của cá nhân, dữ liệu về tội phạm và hành vi phạm tội được thu thập và lưu giữ bởi cơ quan thực thi pháp luật, thông tin khách hàng của tổ chức tín dụng.",["3. **Dữ liệu cá nhân nhạy cảm** là dữ liệu cá nhân gắn liền với quyền riêng tư của cá nhân mà khi bị xâm phạm sẽ gây ảnh hưởng trực tiếp tới quyền và lợi ích hợp pháp của chủ thể dữ liệu. Dữ liệu cá nhân nhạy cảm bao gồm:\n   - Quan điểm chính trị, quan điể", "giúp xác định một con người cụ thể. Dữ liệu cá nhân bao gồm dữ liệu cá nhân cơ bản và dữ liệu cá nhân nhạy cảm.\n\n2. **Dữ liệu cá nhân cơ bản** bao gồm: họ, chữ đệm và tên khai sinh, tên gọi khác (nếu có); ngày, tháng, năm sinh; ngày, tháng, năm chết hoặc m", "ên không gian mạng;\n\nl) Các thông tin khác gắn liền với một con người cụ thể hoặc giúp xác định\n\nmột con người cụ thể không thuộc quy định tại khoản 4 Điều này.\n\n4. Dữ liệu cá nhân nhạy cảm là dữ liệu cá nhân gắn liền với quyền riêng\n\ntư của cá nhân mà khi", "# Nghị định 13/2023/NĐ-CP về Bảo vệ Dữ liệu Cá nhân\n\n## Chương I: Quy định chung\n\n### Điều 1. Phạm vi điều chỉnh\n\nNghị định này quy định về bảo vệ dữ liệu cá nhân và trách nhiệm bảo vệ dữ liệu cá nhân của cơ quan, tổ chức, cá nhân có liên quan.\n\n### Điều 2", "cụ thể hoặc giúp xác định một con người cụ thể. Dữ liệu cá nhân bao gồm dữ liệu cá nhân cơ bản và dữ liệu cá nhân nhạy cảm.\n\n2. Thông tin giúp xác định một con người cụ thể là thông tin hình thành\n\ntừ hoạt động của cá nhân mà khi kêt hợp với các dữ liệu,"],0.500000,0.000000,0.833333,1.000000,0.583333
"Tổ chức nước ngoài chuyển dữ liệu cá nhân ra khỏi Việt Nam cần đáp ứng những điều kiện gì?","Tổ chức nước ngoài chuyển dữ liệu cá nhân ra khỏi Việt Nam cần đáp ứng các điều kiện sau:\n\na) Chủ thể dữ liệu được biết và đồng ý về việc dữ liệu của họ được chuyển ra nước ngoài.\n\nb) Bên chuyển dữ liệu cá nhân ra nước ngoài phải thực hiện đánh giá tác động chuyển dữ liệu cá nhân ra nước ngoài và lưu hồ sơ đánh giá đó.\n\nc) Dữ liệu cá nhân chuyển ra nước ngoài được bảo vệ với mức độ ít nhất tương đương tiêu chuẩn bảo vệ dữ liệu cá nhân của pháp luật Việt Nam.\n\nd) Bên chuyển dữ liệu cá nhân ra nước ngoài phải thông báo cho Bộ Công an.","Theo Điều 25 Nghị định 13/2023, việc chuyển dữ liệu cá nhân ra nước ngoài phải đáp ứng các điều kiện: được sự đồng ý của chủ thể dữ liệu; hoàn thành việc đánh giá tác động chuyển dữ liệu cá nhân ra nước ngoài; nước tiếp nhận dữ liệu phải bảo đảm mức độ bảo vệ dữ liệu cá nhân ít nhất bằng Việt Nam; thông báo cho Bộ Công an trước khi chuyển; lưu trữ hồ sơ chuyển dữ liệu trong ít nhất 5 năm.",["dân Việt Nam ra nước ngoài phải đáp ứng các điều kiện sau:\n\na) Chủ thể dữ liệu được biết và đồng ý về việc dữ liệu của họ được chuyển ra nước ngoài.\n\nb) Bên chuyển dữ liệu cá nhân ra nước ngoài phải thực hiện đánh giá tác động chuyển dữ liệu cá nhân ra nướ", "ch, mức độ tin cậy, hành vi, địa điểm, xu hướng, năng lực và các trường hợp khác.\n\n14. Chuyên dữ liệu cá nhân ra nước ngoài là hoạt động sử dụng không\n\ng1an mạng, thiết bị, phương tiện điện tử hoặc các hình thức khác chuyển dữ liệu cá nhân của công dân Việ", "c ngoài và lưu hồ sơ đánh giá đó.\n\nc) Dữ liệu cá nhân chuyển ra nước ngoài được bảo vệ với mức độ ít nhất tương đương tiêu chuẩn bảo vệ dữ liệu cá nhân của pháp luật Việt Nam.\n\nd) Bên chuyển dữ liệu cá nhân ra nước ngoài phải thông báo cho Bộ Công an (Cục", "a) Tổ chức, doanh nghiệp, cá nhân chuyển dữ liệu cá nhân của công dân\n\nViệt Nam cho tổ chức, doanh nghiệp, bộ phận quản lý ở nước ngoài đê xử lý phù hợp với mục đích đã được chủ thể dữ liệu đồng ý;\n\nb) Xử lý dữ liệu cá nhân của công dân Việt Nam bằng các h", "nhân của Công dân Việt Nam về việc xử lý dữ liệu cá nhân.\n\n<!-- page: 21 -->\n\n3. Hồ sơ đánh giá tác động chuyển dữ liệu cá nhân ra nước ngoài phải luôn\n\ncó sẵn đê phục vụ hoạt động kiểm tra, đánh giá của Bộ Công an.\n\nBên chuyền dữ liệu ra nước ngoài gửi 0"],0.833333,0.708268,0.805556,0.800000,0.786789
"Sự khác biệt giữa bên kiểm soát dữ liệu và bên xử lý dữ liệu trong Nghị định 13/2023 là gì?","Khong tim thay thong tin trong tai lieu duoc cung cap.","Theo Điều 2 Nghị định 13/2023, bên kiểm soát dữ liệu cá nhân là tổ chức hoặc cá nhân quyết định mục đích và phương tiện xử lý dữ liệu cá nhân. Bên xử lý dữ liệu cá nhân là tổ chức hoặc cá nhân thực hiện việc xử lý dữ liệu thay mặt cho bên kiểm soát, thông qua hợp đồng hoặc thỏa thuận. Hai bên có thể là cùng một tổ chức (bên kiểm soát và xử lý dữ liệu) hoặc là các tổ chức khác nhau. Bên kiểm soát chịu trách nhiệm chính về tuân thủ pháp luật, bên xử lý chịu trách nhiệm theo hợp đồng.",["Bộ Công an. Bên kiểm soát dữ liệu cá nhân và Bên xử lý dữ liệu cá nhân phải phối hợp với cơ quan chức năng trong quá trình xử lý vi phạm.", "hành động khác có liên quan.\n\n5. **Chủ thể dữ liệu** là cá nhân được dữ liệu cá nhân phản ánh.\n\n6. **Bên kiểm soát dữ liệu cá nhân** là tổ chức, cá nhân quyết định mục đích và phương tiện xử lý dữ liệu cá nhân.\n\n7. **Bên xử lý dữ liệu cá nhân** là tổ chức", "g tiện xử lý dữ liệu cá nhân.\n\n10. Bên Xử lý dữ liệu cá nhân là tổ chức, cá nhân thực hiện việc xử lý dữ\n\nliệu thay mặt cho Bên Kiêm soát dữ liệu, thông qua một hợp đông hoặc thỏa thuận với Bên Kiêm soát dữ liệu.\n\n11. Bên Kiểm soát và xử lý dữ liệu cá nhân", "trữ trong khoảng thời gian phù hợp với mục đích xử lý dữ liệu, trừ trường hợp pháp luật có quy định khác.\n\n8. Bên kiểm soát dữ liệu cá nhân, Bên xử lý dữ liệu cá nhân phải chịu trách nhiệm tuân thủ các nguyên tắc xử lý dữ liệu và có khả năng chứng minh sự", "là tổ chức, cá nhân đồng thời\n\nquyết định mục đích, phương tiện và trực tiêp xử lý dữ liệu cá nhân.\n\n<!-- page: 4 -->\n\n12. Bên thứ ba là tổ chức, cá nhân ngoài Chủ thể dữ liệu, Bên Kiểm soát dữ\n\nliệu cá nhân, Bên Xử lý dữ liệu cá nhân, Bên Kiểm soát và xử"],0.000000,0.000000,1.000000,0.500000,0.375000
"Chủ thể dữ liệu cá nhân có những quyền gì theo Nghị định 13/2023?","Chủ thể dữ liệu cá nhân có các quyền sau theo Nghị định 13/2023:\n\n1. **Quyền biết** — được biết về hoạt động xử lý dữ liệu cá nhân của mình.\n2. **Quyền đồng ý** — đồng ý hoặc không đồng ý cho phép xử lý dữ liệu cá nhân của mình.\n3. **Quyền truy cập** — được truy cập để xem, chỉnh sửa hoặc yêu cầu chỉnh sửa dữ liệu cá nhân của mình.\n4. **Quyền rút lại sự đồng ý** — được quyền rút lại sự đồng ý của mình.\n5. **Quyền xóa dữ liệu** — có quyền yêu cầu xóa dữ liệu cá nhân của mình.","Theo Chương III Nghị định 13/2023, chủ thể dữ liệu có các quyền: quyền được biết về hoạt động xử lý dữ liệu cá nhân của mình (Điều 8); quyền đồng ý hoặc không đồng ý cho phép xử lý dữ liệu (Điều 9); quyền truy cập để xem, chỉnh sửa dữ liệu cá nhân (Điều 10); quyền xóa dữ liệu cá nhân (Điều 11); quyền hạn chế xử lý dữ liệu cá nhân (Điều 12); quyền cung cấp dữ liệu cho chủ thể dữ liệu (Điều 13); quyền phản đối xử lý dữ liệu cá nhân (Điều 14); quyền khiếu nại, tố cáo, khởi kiện (Điều 15); quyền yêu cầu bồi thường thiệt hại (Điều 16); quyền tự bảo vệ (Điều 17).",["của mình, trừ trường hợp luật có quy định khác.\n\n2. Quyền đồng ý\n\nChủ thể dữ liệu được đồng ý hoặc không đồng ý cho phép xử lý dữ liệu cá nhân của mình, trừ trường hợp quy định tại Điều 17 Nghị định này.\n\n3. Quyền truy cập\n\nChủ thể dữ liệu được truy cập đ", "á nhân, Bên Kiểm soát và xử lý dữ liệu cá nhân\n\nthực hiện yêu cầu của chủ thể dữ liệu trong 72 giờ sau khi nhận được yêu cầu, trừ trường hợp luật có quy định khác.\n\n0, Quyền khiếu nại, tố cáo, khởi kiện\n\nChủ thể dữ liệu có quyền khiếu nại, tố cáo hoặc khởi", "ể xem, chỉnh sửa hoặc yêu cầu chỉnh sửa dữ liệu cá nhân của mình, trừ trường hợp luật có quy định khác.\n\n4. Quyền rút lại sự đồng ý\n\nChủ thể dữ liệu được quyền rút lại sự đồng ý của mình, trừ trường hợp luật có quy định khác.\n\n5. Quyền xóa dữ liệu\n\nChủ thể", "tuân thủ của mình.\n\n---\n\n## Chương II: Quyền của chủ thể dữ liệu\n\n### Điều 9. Quyền của chủ thể dữ liệu\n\nChủ thể dữ liệu được quyền:\n\n1. **Quyền biết** — được biết về hoạt động xử lý dữ liệu cá nhân của mình.\n\n2. **Quyền đồng ý** — đồng ý hoặc không đồng ý", "# Nghị định 13/2023/NĐ-CP về Bảo vệ Dữ liệu Cá nhân\n\n## Chương I: Quy định chung\n\n### Điều 1. Phạm vi điều chỉnh\n\nNghị định này quy định về bảo vệ dữ liệu cá nhân và trách nhiệm bảo vệ dữ liệu cá nhân của cơ quan, tổ chức, cá nhân có liên quan.\n\n### Điều 2"],0.800000,0.662409,1.000000,0.500000,0.740602
"Nguyên tắc xử lý dữ liệu cá nhân theo Nghị định 13/2023 là gì?","Nguyên tắc xử lý dữ liệu cá nhân theo Nghị định 13/2023/NĐ-CP bao gồm:\n\n1. Dữ liệu cá nhân được xử lý theo quy định của pháp luật.\n2. Ghi lại và lưu trữ nhật ký hệ thống quá trình xử lý dữ liệu cá nhân.\n3. Thông báo hành vi vi phạm quy định về bảo vệ dữ liệu cá nhân theo quy định tại Điều 23 Nghị định này.","Theo Điều 3 Nghị định 13/2023, các nguyên tắc xử lý dữ liệu cá nhân bao gồm: dữ liệu cá nhân được xử lý theo quy định của pháp luật; chủ thể dữ liệu được biết về hoạt động liên quan đến xử lý dữ liệu; dữ liệu chỉ được thu thập khi chủ thể dữ liệu đồng ý, trừ trường hợp luật định; dữ liệu chỉ được dùng đúng mục đích đã thông báo; dữ liệu được bảo vệ, bảo mật trong quá trình xử lý; dữ liệu chỉ lưu trữ trong thời gian cần thiết; bên kiểm soát dữ liệu phải có trách nhiệm giải trình về tuân thủ.",["2. Xử lý dữ liệu cá nhân theo đúng hợp đồng hoặc thỏa thuận ký kết với\n\nBên Kiêm soát dữ liệu cá nhân.\n\n3. Thực hiện đầy đủ các biện pháp bảo vệ dữ liệu cá nhân quy định tại\n\nNghị định này và các văn bản pháp luật khác có liên quan.\n\n<!-- page: 27 -->\n\n4", "# Nghị định 13/2023/NĐ-CP về Bảo vệ Dữ liệu Cá nhân\n\n## Chương I: Quy định chung\n\n### Điều 1. Phạm vi điều chỉnh\n\nNghị định này quy định về bảo vệ dữ liệu cá nhân và trách nhiệm bảo vệ dữ liệu cá nhân của cơ quan, tổ chức, cá nhân có liên quan.\n\n### Điều 2", "lý dữ liệu cá nhân được phép xử lý dữ liệu cá nhân.\n\n13. Xử lý dữ liệu cá nhân tự động là hình thức xử lý dữ liệu cá nhân được\n\nthực hiện bằng phương tiện điện tử nhằm đánh giá, phân tích, dự đoán hoạt động của một con người cụ thể, như: thói quen, sở thí", "ực tiếp xử lý dữ liệu cá nhân.\n\n### Điều 3. Nguyên tắc bảo vệ dữ liệu cá nhân\n\n1. Dữ liệu cá nhân được xử lý theo quy định của pháp luật.", "t và cập nhật các\n\nbiện pháp này khi cân thiết.\n\n2. Ghi lại và lưu trữ nhật ký hệ thống quá trình xử lý dữ liệu cá nhân.\n\n3. Thông báo hành vi vi phạm quy định về bảo vệ dữ liệu cá nhân theo\n\nquy định tại Điều 23 Nghị định này.\n\n4. Lựa chọn Bên Xử lý dữ li"],0.750000,0.715663,1.000000,0.142857,0.652130
"Quy trình đánh giá tác động xử lý dữ liệu cá nhân bao gồm những bước nào?","Khong tim thay thong tin trong tai lieu duoc cung cap.","Theo Điều 24 Nghị định 13/2023, đánh giá tác động xử lý dữ liệu cá nhân phải được thực hiện khi bắt đầu xử lý dữ liệu cá nhân nhạy cảm, xử lý dữ liệu của trẻ em, hoặc xử lý dữ liệu quy mô lớn. Hồ sơ đánh giá tác động gồm: thông tin cơ bản về bên kiểm soát, mục đích xử lý, loại dữ liệu, biện pháp bảo vệ dữ liệu, đánh giá rủi ro và biện pháp giảm thiểu, ý kiến của Bộ phận bảo vệ dữ liệu cá nhân. Hồ sơ phải được lưu trữ và sẵn sàng cung cấp cho cơ quan có thẩm quyền khi yêu cầu.",[". Đánh giá tác động xử lý dữ liệu cá nhân\n\n1. Bên Kiểm soát dữ liệu cá nhân, Bên Kiểm soát và xử lý dữ liệu cá nhân\n\nlập và lưu giữ Hồ sơ đánh giá tác động xử lý dữ liệu cá nhân của mình kể từ thời điêm bắt đâu xử lý dữ liệu cá nhân.", "Hồ sơ đánh giá tác động xử lý dữ liệu cá nhân của Bên Kiểm soát dữ liệu cá nhân, Bên Kiêm soát và xử lý dữ liệu cá nhân, bao gồm:\n\n8. Thông tin và chi tiết liên lạc của Bên Kiểm soát dữ liệu cá nhân, Bên Kiêm soát và xử lý dữ liệu cá nhân;\n\nb) Họ tên, chỉ", "cá nhân, Bên Kiêm soát và xử lý dữ liệu cá nhân, Bên Xử lý dữ liệu cá nhân, Bên thứ ba.\n\n2. Hồ sơ đánh giá tác động chuyển dữ liệu cá nhân ra nước ngoài, gồm:\n\na) Thông tin và chỉ tiết liên lạc của Bên chuyển dữ liệu và Bên tiếp nhận\n\ndữ liệu cá nhân của c", "u cá nhân trong trường hợp hồ sơ chưa đầy đủ và đúng quy định.\n\n6. Bên Kiểm soát dữ liệu cá nhân, Bên Kiểm soát và xử lý dữ liệu cá nhân,\n\nBên Xử lý dữ liệu cá nhân cập nhật, bổ sung Hồ sơ đánh giá tác động xử lý dữ liệu cá nhân khi có sự thay đổi về nội d", "u\n\ncá nhân (nêu có);\n\nh) Mô tả về các biện pháp bảo vệ dữ liệu cá nhân được áp dụng;\n\n1. Đánh giá mức độ ảnh hưởng của việc xử lý dữ liệu cá nhân; hậu quả, thiệt hại không mong muôn có khả năng xảy ra, các biện pháp giảm thiểu hoặc loại bỏ nguy cơ, tác hại"],0.000000,0.000000,0.755556,0.000000,0.188889
"Điều kiện hợp pháp để xử lý dữ liệu cá nhân mà không cần sự đồng ý của chủ thể là gì?","Khong tim thay thong tin trong tai lieu duoc cung cap.","Theo Điều 17 Nghị định 13/2023, xử lý dữ liệu cá nhân không cần sự đồng ý trong các trường hợp: thực hiện nhiệm vụ, quyền hạn theo quy định của pháp luật; bảo vệ tính mạng, sức khỏe của chủ thể dữ liệu trong tình huống khẩn cấp; thực hiện nghĩa vụ theo hợp đồng; phục vụ lợi ích quốc gia, an ninh quốc phòng; nghiên cứu khoa học khi tuân thủ quy định; thực hiện quyền và nghĩa vụ pháp lý của bên kiểm soát.",[". Sự đồng ý của chủ thể dữ liệu được áp dụng đối với tất cả các hoạt động\n\ntrong quy trình xử lý dữ liệu cá nhân, trừ trường hợp luật có quy định khác.\n\n2. Sự đồng ý của chủ thể dữ liệu chỉ có hiệu lực khi chủ thể dữ liệu tự\n\nnguyện và biêt rõ các nội dung", "ý dữ liệu cá nhân,\n\nBên Xử lý dữ liệu cá nhân, Bên thứ ba bị giải thể hoặc không còn hoạt động hoặc tuyên bô phá sản hoặc bị chấm dứt hoạt động kinh doanh theo quy định của pháp luật.\n\n#### Điều 17. Xử lý dữ liệu cá nhân trong trường hợp không cần sự đồng", "vụ của mình.\n\n2. Việc thiết lập các hệ thống phần mềm, biện pháp kỹ thuật hoặc tổ chức\n\ncác hoạt động thu thập, chuyên giao, mua, bán dữ liệu cá nhân không có sự đông ý của chủ thể dữ liệu là vi phạm pháp luật.\n\n#### Điều 23. Thông báo vi phạm quy định về", "của mình, trừ trường hợp luật có quy định khác.\n\n2. Quyền đồng ý\n\nChủ thể dữ liệu được đồng ý hoặc không đồng ý cho phép xử lý dữ liệu cá nhân của mình, trừ trường hợp quy định tại Điều 17 Nghị định này.\n\n3. Quyền truy cập\n\nChủ thể dữ liệu được truy cập đ", "rường hợp:\n\na) Xử lý dữ liệu không đúng mục đích hoặc đã hoàn thành mục đích xử lý\n\ndữ liệu cá nhân được chủ thể dữ liệu đông ý, trừ trường hợp pháp luật có quy định khác;\n\nb) Cha, mẹ hoặc người giám hộ của trẻ em rút lại sự đồng ý cho phép xử\n\nlý dữ liệu"],0.000000,0.000000,0.450000,1.000000,0.362500
"Bên kiểm soát dữ liệu có nghĩa vụ gì khi xảy ra sự cố lộ lọt dữ liệu cá nhân?","Bên kiểm soát dữ liệu có nghĩa vụ thông báo sự cố vi phạm về bảo vệ dữ liệu cá nhân cho Bộ Công an trong vòng 72 giờ kể từ khi phát hiện sự cố. Đồng thời, bên này cũng phải thông báo cho chủ thể dữ liệu bị ảnh hưởng. Ngoài ra, bên kiểm soát dữ liệu phải thực hiện các biện pháp ngăn chặn và giảm thiểu thiệt hại ngay khi xảy ra sự cố.","Theo Điều 23 Nghị định 13/2023, khi xảy ra vi phạm quy định về bảo vệ dữ liệu cá nhân, bên kiểm soát dữ liệu phải: thực hiện ngay các biện pháp ngăn chặn thiệt hại; thông báo cho Bộ Công an trong vòng 72 giờ kể từ khi phát hiện; thông báo cho chủ thể dữ liệu nếu sự cố ảnh hưởng đến quyền, lợi ích của họ; lưu trữ hồ sơ vi phạm và các biện pháp đã xử lý; phối hợp với cơ quan chức năng điều tra và khắc phục.",["iệu cá nhân\n\n### Điều 23. Thông báo vi phạm về bảo vệ dữ liệu cá nhân\n\n1. Khi xảy ra sự cố vi phạm về bảo vệ dữ liệu cá nhân, Bên kiểm soát dữ liệu cá nhân, Bên xử lý dữ liệu cá nhân phải thực hiện ngay các biện pháp ngăn chặn và giảm thiểu thiệt hại.", "h nhiệm của Bên Kiểm soát dữ liệu cá nhân\n\n1. Thực hiện các biện pháp tổ chức và kỹ thuật cùng các biện pháp an toàn,\n\nbảo mật phù hợp đê chứng minh các hoạt động xử ly dữ liệu đã được thực hiện theo quy định của pháp luật về bảo vệ dữ liệu cá nhân, rà soá", "6. Bên Kiểm soát dữ liệu cá nhân chịu trách nhiệm trước chủ thẻ dữ liệu\n\nvề các thiệt hại do quá trình xử lý dữ liệu cá nhân gây ra.\n\n7. Phối hợp với Bộ Công an, cơ quan nhà nước có thẩm quyền trong bảo\n\nvệ dữ liệu cá nhân, cung cập thông tỉn phục vụ điêu", "2. **Trong vòng 72 giờ** kể từ khi phát hiện sự cố, Bên kiểm soát dữ liệu cá nhân phải thông báo sự cố cho Bộ Công an (Cục An ninh mạng và phòng, chống tội phạm sử dụng công nghệ cao).\n\n3. Bên kiểm soát dữ liệu cá nhân phải thông báo cho chủ thể dữ liệu bị", "Bộ Công an. Bên kiểm soát dữ liệu cá nhân và Bên xử lý dữ liệu cá nhân phải phối hợp với cơ quan chức năng trong quá trình xử lý vi phạm."],1.000000,0.306921,1.000000,0.800000,0.776730
"Dữ liệu cá nhân của trẻ em được xử lý theo quy định đặc biệt nào?","Dữ liệu cá nhân của trẻ em được xử lý theo nguyên tắc bảo vệ các quyền và vì lợi ích tốt nhất của trẻ em. Việc xử lý dữ liệu cá nhân của trẻ em phải có sự đồng ý của trẻ em trong trường hợp trẻ em từ đủ 7 tuổi trở lên và có sự đồng ý của cha, mẹ hoặc người giám hộ.","Theo Điều 20 Nghị định 13/2023, xử lý dữ liệu cá nhân của trẻ em phải tuân thủ: cần có sự đồng ý của cha mẹ hoặc người giám hộ hợp pháp, ngoài sự đồng ý của trẻ em đủ tuổi nhận thức; chỉ xử lý khi có mục đích chính đáng và vì lợi ích tốt nhất của trẻ em; áp dụng biện pháp kỹ thuật để xác minh tuổi; không được xử lý dữ liệu cá nhân nhạy cảm của trẻ em, trừ trường hợp đặc biệt; phải dễ dàng cho trẻ em và người giám hộ thực hiện quyền của mình.",["được nêu tại khoản l1 Điều này\n\nthì được coi là không có sự đông ý.\n\n#### Điều 20. Xử lý dữ liệu cá nhân của trẻ em\n\n1. Xử lý dữ liệu cá nhân của trẻ em luôn được thực hiện theo nguyên tắc\n\nbảo vệ các quyền và vì lợi ích tôt nhât của trẻ em.\n\n2. Việc xử l", "ý dữ liệu cá nhân, Bên Kiêm soát và xử lý dữ liệu cá nhân, Bên thứ ba phải xác minh tuôi của trẻ em trước khi xử lý dữ liệu cá nhân của trẻ em.\n\n3. Ngừng xử lý dữ liệu cá nhân của trẻ em, xóa không thể khôi phục hoặc\n\nhủy dữ liệu cá nhân của trẻ em trong t", "ý dữ liệu cá nhân của trẻ em phải có sự đồng ý của trẻ em trong\n\ntrường hợp trẻ em từ đủ 7 tuôi trở lên và có sự đồng ý của cha, mẹ hoặc người giám hộ theo quy định, trừ trường hợp quy định tại Điều I7 Nghị định này. Bên Kiêm soát dữ liệu cá nhân, Bên Xử l", "xử lý. Dữ liệu cá nhân không được mua, bán dưới mọi hình thức, trừ trường hợp luật có quy định khác.\n\n5. Dữ liệu cá nhân được cập nhật, bổ sung phù hợp với mục đích xử lý.\n\n<!-- page: 5 -->\n\n6. Dữ liệu cá nhân được áp dụng các biện pháp bảo vệ, bảo mật tro", "chứng minh việc xử lý dữ liệu cá nhân gây ảnh hưởng tới quyền và lợi ích hợp pháp của trẻ em, trừ trường hợp pháp luật có quy định khác.\n\n#### Điều 21. Bảo vệ dữ liệu cá nhân trong kinh doanh dịch vụ tiếp thị, giới\n\nthiệu sản phẩm quảng cáo\n\n1. Tổ chức, cá"],1.000000,0.601753,0.950000,0.600000,0.787938
"Cơ quan Nhà nước có trách nhiệm gì trong việc bảo vệ dữ liệu cá nhân theo Nghị định 13/2023?","Cơ quan Nhà nước có trách nhiệm bảo vệ dữ liệu cá nhân theo Nghị định 13/2023/NĐ-CP bao gồm việc cung cấp thông tin phục vụ điều tra, xử lý hành vi vi phạm quy định của pháp luật về bảo vệ dữ liệu cá nhân. Họ cũng có trách nhiệm chỉ đạo các cơ quan truyền thông, báo chí, tổ chức và doanh nghiệp thuộc lĩnh vực quản lý thực hiện bảo vệ dữ liệu cá nhân theo quy định tại Nghị định này.","Theo Chương V Nghị định 13/2023, Bộ Công an chịu trách nhiệm chính: ban hành tiêu chuẩn kỹ thuật về bảo vệ dữ liệu cá nhân; tiếp nhận hồ sơ đánh giá tác động và chuyển dữ liệu ra nước ngoài; xử lý khiếu nại về bảo vệ dữ liệu cá nhân; thanh tra, kiểm tra việc tuân thủ. Các bộ, ngành quản lý lĩnh vực có trách nhiệm ban hành quy định chuyên ngành về bảo vệ dữ liệu cá nhân. UBND cấp tỉnh chịu trách nhiệm tuyên truyền, phổ biến và xử lý vi phạm tại địa phương.",["# Nghị định 13/2023/NĐ-CP về Bảo vệ Dữ liệu Cá nhân\n\n## Chương I: Quy định chung\n\n### Điều 1. Phạm vi điều chỉnh\n\nNghị định này quy định về bảo vệ dữ liệu cá nhân và trách nhiệm bảo vệ dữ liệu cá nhân của cơ quan, tổ chức, cá nhân có liên quan.\n\n### Điều 2", "ông an, cơ quan nhà nước có thẩm quyền trong bảo\n\nvệ dữ liệu cá nhân, cung câp thông tin phục vụ điêu tra, xử lý hành vi vi phạm quy định của pháp luật vê bảo vệ dữ liệu cá nhân.\n\n#### Điều 40. Trách nhiệm của Bên Kiểm soát và xử lý dữ liệu\n\nThực hiện đầy", "ạm vi điều chỉnh và đối tượng áp dụng\n\n1. Nghị định này quy định về bảo vệ dữ liệu cá nhân và trách nhiệm bảo\n\nvệ dữ liệu cá nhân của cơ quan, tổ chức, cá nhân có liên quan.\n\n2. Nghị định này áp dụng đối với:\n\na) Cơ quan, tổ chức, cá nhân Việt Nam;\n\nb) Cơ", "Trách nhiệm của tổ chức, cá nhân có liên quan\n\n1. Có biện pháp bảo vệ dữ liệu cá nhân của mình, chịu trách nhiệm về tính\n\nchính xác của dữ liệu cá nhân do mình cung câp.\n\n2. Thực hiện quy định về bảo vệ dữ liệu cá nhân tại Nghị định này.\n\n3. Thông báo kịp", "yền thông\n\n1. Chỉ đạo các cơ quan truyền thông, báo chí, tổ chức và doanh nghiệp thuộc\n\nlĩnh vực quản lý thực hiện bảo vệ dữ liệu cá nhân theo quy định tại Nghị định này.\n\n2. Xây dựng, hướng dẫn và triển khai các biện pháp bảo vệ dữ liệu cá\n\nnhân, bảo đảm"],1.000000,0.745730,0.950000,1.000000,0.923933
"Định nghĩa 'xử lý dữ liệu cá nhân' theo Nghị định 13/2023 bao gồm những hoạt động nào?","Theo Nghị định 13/2023, 'xử lý dữ liệu cá nhân' bao gồm một hoặc nhiều hoạt động tác động tới dữ liệu cá nhân, như: thu thập, ghi, phân tích, xác nhận, lưu trữ, chỉnh sửa, công khai, kết hợp, truy cập, truy xuất, thu hồi, mã hóa, giải mã, sao chép, chia sẻ, truyền đưa, cung cấp, chuyển giao, xóa, hủy dữ liệu cá nhân.","Theo Điều 2 khoản 7 Nghị định 13/2023, xử lý dữ liệu cá nhân là một hoặc nhiều hoạt động tác động tới dữ liệu cá nhân, bao gồm: thu thập, ghi, phân tích, xác nhận, lưu trữ, chỉnh sửa, công khai, kết hợp, truy cập, truy xuất, thu hồi, mã hóa, giải mã, sao chép, chia sẻ, truyền đưa, cung cấp, chuyển giao, xóa, hủy dữ liệu cá nhân hoặc các hành động khác có liên quan.",["lý dữ liệu cá nhân được phép xử lý dữ liệu cá nhân.\n\n13. Xử lý dữ liệu cá nhân tự động là hình thức xử lý dữ liệu cá nhân được\n\nthực hiện bằng phương tiện điện tử nhằm đánh giá, phân tích, dự đoán hoạt động của một con người cụ thể, như: thói quen, sở thí", "5. Bảo vệ dữ liệu cá nhân là hoạt động phòng ngừa, phát hiện, ngăn\n\nchặn, xử lý hành vi vi phạm liên quan đên dữ liệu cá nhân theo quy định của pháp luật.\n\n6. Chủ thể dữ liệu là cá nhân được dữ liệu cá nhân phản ánh.\n\n7. Xử lý dữ liệu cá nhân là một hoặc n", "hoạt động tác động tới dữ liệu cá nhân, như: thu thập, ghi, phân tích, xác nhận, lưu trữ, chỉnh sửa, công khai, kết hợp, truy cập, truy xuất, thu hồi, mã hóa, giải mã, sao chép, chia sẻ, truyền đưa, cung cấp, chuyển giao, xóa, hủy dữ liệu cá nhân hoặc các", "những việc cần thực hiện theo quy định của Nghị định này.\n\n3. Khuyến khích áp dụng các tiêu chuẩn bảo vệ dữ liệu cá nhân phù hợp\n\nvới lĩnh vực, ngành nghề, hoạt động có liên quan tới xử lý dữ liệu cá nhân.\n\n4. Kiểm tra an ninh mạng đối với hệ thống và phươ", "# Nghị định 13/2023/NĐ-CP về Bảo vệ Dữ liệu Cá nhân\n\n## Chương I: Quy định chung\n\n### Điều 1. Phạm vi điều chỉnh\n\nNghị định này quy định về bảo vệ dữ liệu cá nhân và trách nhiệm bảo vệ dữ liệu cá nhân của cơ quan, tổ chức, cá nhân có liên quan.\n\n### Điều 2"],1.000000,0.887771,0.588889,1.000000,0.869165
"Sự đồng ý của chủ thể dữ liệu phải được thể hiện như thế nào theo Nghị định 13/2023?","Sự đồng ý của chủ thể dữ liệu phải được thể hiện rõ ràng, cụ thể bằng văn bản, ở một định dạng có thể được in, sao chép bằng văn bản, và phải tự nguyện, biết rõ các nội dung liên quan đến việc xử lý dữ liệu cá nhân.","Theo Điều 9 Nghị định 13/2023, sự đồng ý của chủ thể dữ liệu phải: được thể hiện rõ ràng, tự nguyện, cụ thể và thông báo đầy đủ; có thể được thực hiện bằng văn bản, hành động được xác nhận, hệ thống điện tử, hoặc hình thức khác thể hiện ý muốn của chủ thể; không phụ thuộc vào điều kiện sử dụng dịch vụ (tức là từ chối đồng ý không bị ảnh hưởng đến việc sử dụng dịch vụ); có thể bị rút lại bất cứ lúc nào; bên kiểm soát dữ liệu phải có khả năng chứng minh sự đồng ý đã được cấp.",["c các hành động khác có liên quan.\n\n§. Sự đồng ý của chủ thể dữ liệu là việc thể hiện rõ ràng, tự nguyện, khẳng định việc cho phép xử lý dữ liệu cá nhân của chủ thể dữ liệu.\n\n9, Bên Kiểm soát dữ liệu cá nhân là tổ chức, cá nhân quyết định mục đích và phươn", "sau:\n\na) Loại dữ liệu cá nhân được xử lý;\n\nb) Mục đích xử lý dữ liệu cá nhân;\n\nc) Tổ chức, cá nhân được xử lý dữ liệu cá nhân;\n\nd) Các quyền, nghĩa vụ của chủ thể dữ liệu.\n\n3. Sự đồng ý của chủ thể dữ liệu phải được thể hiện rõ ràng, cụ thể bằng văn\n\nbản,", "u cá nhân, Bên Kiêm soát và xử lý dữ liệu cá\n\nnhân liệt kê các mục đích đề chủ thể dữ liệu đông ý với một hoặc nhiêu mục đích nêu ra.\n\n5. Sự đồng ý của chủ thể dữ liệu phải được thể hiện ở một định dạng có\n\nthể được in, sao chép bằng văn bản, bao gồm cả dư", ". Sự đồng ý của chủ thể dữ liệu được áp dụng đối với tất cả các hoạt động\n\ntrong quy trình xử lý dữ liệu cá nhân, trừ trường hợp luật có quy định khác.\n\n2. Sự đồng ý của chủ thể dữ liệu chỉ có hiệu lực khi chủ thể dữ liệu tự\n\nnguyện và biêt rõ các nội dung", "8. Sự đông ý của chủ thể dữ liệu theo quy định tại Điều 1l Nghị định này trên cơ sở biêt rõ cơ chê phản hôi, khiêu nại khi có sự cố hoặc yêu cầu phát sinh;\n\nh) Có văn bản thể hiện sự ràng buộc, trách nhiệm giữa các tổ chức, cá nhân\n\nKm và nhận dữ liệu cá"],1.000000,0.399212,1.000000,0.400000,0.699803
"Theo Nghị định 13/2023, thời hạn lưu trữ dữ liệu cá nhân là bao lâu?","Theo Nghị định 13/2023, dữ liệu cá nhân chỉ được lưu trữ trong khoảng thời gian phù hợp với mục đích xử lý dữ liệu, trừ trường hợp pháp luật có quy định khác.","Nghị định 13/2023 quy định dữ liệu cá nhân chỉ được lưu trữ trong khoảng thời gian cần thiết để thực hiện mục đích đã thông báo, trừ khi pháp luật chuyên ngành có quy định khác về thời hạn lưu trữ tối thiểu. Sau khi kết thúc thời hạn lưu trữ, dữ liệu cá nhân phải được xóa hoặc hủy, trừ trường hợp pháp luật quy định khác. Hồ sơ về hoạt động xử lý dữ liệu và đánh giá tác động phải được lưu ít nhất 5 năm.",["phận bảo vệ dữ liệu cá nhân trong thời gian 02 năm đâu kể từ khi thành lập doanh nghiệp.\n\n3. Các doanh nghiệp siêu nhỏ, doanh nghiệp nhỏ, doanh nghiệp vừa, doanh\n\nnghiệp khởi nghiệp trực tiếp kinh doanh hoạt động xử lý dữ liệu cá nhân không áp dụng quy đị", "ng quá\n\ntrình xử lý, bao gồm cả việc bảo vệ trước các hành vi vi phạm quy định về bảo vệ dữ liệu cá nhân và phòng, chống sự mât mát, phá hủy hoặc thiệt hại do sự cố, sử dụng các biện pháp kỹ thuật.\n\n7. Dữ liệu cá nhân chỉ được lưu trữ trong khoảng thời gia", "trữ trong khoảng thời gian phù hợp với mục đích xử lý dữ liệu, trừ trường hợp pháp luật có quy định khác.\n\n8. Bên kiểm soát dữ liệu cá nhân, Bên xử lý dữ liệu cá nhân phải chịu trách nhiệm tuân thủ các nguyên tắc xử lý dữ liệu và có khả năng chứng minh sự", "# Nghị định 13/2023/NĐ-CP về bảo vệ dữ liệu cá nhân\n\n<!-- page: 1 -->\n\nCơ quan phát hành: Văn phòng Chính phủ\n\n**CHÍNH PHỦ CỘNG HÒA XÃ HỘI CHỦ NGHĨA VIỆT NAM**\n\n——— Độc lập - Tự do - Hạnh phúc Số: 13/2023/NĐ-CP Hà Nội, ngày 17 tháng 4 năm 2023\n\nNGHỊ ĐỊNH", "# Nghị định 13/2023/NĐ-CP về Bảo vệ Dữ liệu Cá nhân\n\n## Chương I: Quy định chung\n\n### Điều 1. Phạm vi điều chỉnh\n\nNghị định này quy định về bảo vệ dữ liệu cá nhân và trách nhiệm bảo vệ dữ liệu cá nhân của cơ quan, tổ chức, cá nhân có liên quan.\n\n### Điều 2"],1.000000,0.646320,0.805556,0.666667,0.779636
"Tổng tài sản ngắn hạn của công ty theo báo cáo tài chính là bao nhiêu?","Tổng tài sản ngắn hạn của công ty theo báo cáo tài chính là 194.200 triệu VNĐ.","Tổng tài sản ngắn hạn của công ty được ghi nhận trên Bảng cân đối kế toán trong Báo cáo tài chính (BCTC), bao gồm: tiền và các khoản tương đương tiền, các khoản đầu tư tài chính ngắn hạn, các khoản phải thu ngắn hạn, hàng tồn kho và tài sản ngắn hạn khác. Để biết con số cụ thể, cần tham chiếu đến Bảng cân đối kế toán tại thời điểm lập báo cáo.",["-----|\n| Tiền và các khoản tương đương tiền | 45.200 | 62.800 |\n| Các khoản đầu tư tài chính ngắn hạn | 20.000 | 35.000 |\n| Các khoản phải thu ngắn hạn | 38.500 | 41.200 |\n| Hàng tồn kho | 52.300 | 48.900 |\n| Tài sản ngắn hạn khác | 5.100 | 6.300 |\n| **Tổn", "g tài sản ngắn hạn** | **161.100** | **194.200** |\n\n#### II. Tài sản dài hạn\n\n| Khoản mục | Số đầu năm (triệu VNĐ) | Số cuối năm (triệu VNĐ) |\n|-----------|------------------------|------------------------|\n| Tài sản cố định hữu hình | 285.000 | 310.500 |", "# Báo cáo Tài chính — Năm tài chính 2023\n\n## I. Bảng Cân đối Kế toán (tại ngày 31/12/2023)\n\n### A. TÀI SẢN\n\n#### I. Tài sản ngắn hạn\n\n| Khoản mục | Số đầu năm (triệu VNĐ) | Số cuối năm (triệu VNĐ) |\n|-----------|------------------------|-------------------", "| Tài sản cố định vô hình | 12.000 | 11.400 |\n| Bất động sản đầu tư | 45.000 | 45.000 |\n| Các khoản đầu tư tài chính dài hạn | 30.000 | 42.000 |\n| Tài sản dài hạn khác | 8.900 | 9.600 |\n| **Tổng tài sản dài hạn** | **380.900** | **418.500** |\n\n#### **TỔNG", "TÀI SẢN** | **542.000** | **612.700**\n\n---\n\n### B. NGUỒN VỐN\n\n#### I. Nợ phải trả\n\n| Khoản mục | Số đầu năm (triệu VNĐ) | Số cuối năm (triệu VNĐ) |\n|-----------|------------------------|------------------------|\n| Nợ ngắn hạn | 95.000 | 88.500 |\n| Nợ dài h"],1.000000,0.452453,0.866667,0.500000,0.704780
"Doanh thu thuần từ bán hàng và cung cấp dịch vụ của công ty là bao nhiêu trong kỳ báo cáo?","Doanh thu thuần từ bán hàng và cung cấp dịch vụ của công ty trong kỳ báo cáo là 648.000 triệu VNĐ.","Doanh thu thuần từ bán hàng và cung cấp dịch vụ được trình bày trên Báo cáo kết quả hoạt động kinh doanh trong BCTC. Đây là chỉ tiêu phản ánh doanh thu sau khi đã trừ các khoản giảm trừ doanh thu (chiết khấu thương mại, giảm giá hàng bán, hàng bán bị trả lại) và thuế gián thu. Con số cụ thể cần tra cứu tại Báo cáo kết quả hoạt động kinh doanh trong kỳ.",["7.377.803 |\n| C.I.1 | 23 | Giá trị hàng hóa, dịch vụ mua vào trong kỳ | 2.405.743.241 | 215.163.767 |\n| C.I.1 | 23a | Trong đó: hàng hóa, dịch vụ nhập khẩu | 0 | 0 |\n| C.I.2 | 25 | Thuế GTGT của hàng hóa, dịch vụ mua vào được khấu trừ kỳ này |  | 215.163.7", "| Khoản mục | Năm 2022 (triệu VNĐ) | Năm 2023 (triệu VNĐ) |\n|-----------|----------------------|----------------------|\n| Doanh thu thuần | 520.000 | 648.000 |\n| Giá vốn hàng bán | 364.000 | 453.600 |\n| **Lợi nhuận gộp** | **156.000** | **194.400** |\n| Chi", "u và thuế GTGT của hàng hóa, dịch vụ bán ra | 3.703.688.610 | 344.675.400 |\n| C.III | 36 | Thuế GTGT phát sinh trong kỳ |  | 129.511.633 |\n| C.IV.1 | 37 | Điều chỉnh giảm thuế GTGT còn được khấu trừ của các kỳ trước |  | 0 |\n| C.IV.2 | 38 | Điều chỉnh tăng", "phí bán hàng | 31.200 | 38.880 |\n| Chi phí quản lý doanh nghiệp | 20.800 | 25.920 |\n| **Lợi nhuận từ hoạt động kinh doanh** | **104.000** | **129.600** |\n| Doanh thu tài chính | 3.200 | 4.800 |\n| Chi phí tài chính (lãi vay) | 8.500 | 9.200 |\n| **Lợi nhuận", "Hàng hóa, dịch vụ bán ra chịu thuế suất 5% | 0 | 0 |\n| C.II.2.c | 32 / 33 | Hàng hóa, dịch vụ bán ra chịu thuế suất 10% | 3.703.688.610 | 344.675.400 |\n| C.II.2.d | 32a | Hàng hóa, dịch vụ bán ra không tính thuế | 0 |  |\n| C.II.3 | 34 / 35 | Tổng doanh th"],1.000000,0.407048,0.000000,0.666667,0.518429
"Lợi nhuận sau thuế thu nhập doanh nghiệp của công ty trong kỳ là bao nhiêu?","Lợi nhuận sau thuế thu nhập doanh nghiệp của công ty trong kỳ là 78.960 triệu VNĐ.","Lợi nhuận sau thuế thu nhập doanh nghiệp là chỉ tiêu cuối cùng trên Báo cáo kết quả hoạt động kinh doanh, phản ánh phần lợi nhuận còn lại sau khi trừ thuế thu nhập doanh nghiệp. Đây là nền tảng để tính lợi nhuận trên mỗi cổ phiếu (EPS) và phân phối cổ tức. Số liệu cụ thể cần xem tại Báo cáo kết quả hoạt động kinh doanh trong BCTC của kỳ báo cáo.",["trước thuế** | **98.700** | **125.200** |\n| Thuế thu nhập doanh nghiệp (20%) | 19.740 | 25.040 |\n| **Lợi nhuận sau thuế** | **78.960** | **100.160** |\n\n---\n\n## III. Báo cáo Lưu chuyển Tiền tệ (năm 2023)\n\n### Lưu chuyển tiền từ hoạt động kinh doanh\n\n| Khoả", "C** | **(25.000)** |\n\n**Tăng/giảm thuần tiền trong kỳ: +17.600**\n**Tiền đầu kỳ: 45.200 — Tiền cuối kỳ: 62.800**\n\n---\n\n## IV. Các chỉ số tài chính chính", "n mục | Số tiền (triệu VNĐ) |\n|-----------|---------------------|\n| Lợi nhuận trước thuế | 125.200 |\n| Điều chỉnh khấu hao | 28.500 |\n| Thay đổi vốn lưu động | (15.300) |\n| Thuế TNDN đã nộp | (23.800) |\n| **Lưu chuyển tiền thuần từ HĐKD** | **114.600** |", "u và thuế GTGT của hàng hóa, dịch vụ bán ra | 3.703.688.610 | 344.675.400 |\n| C.III | 36 | Thuế GTGT phát sinh trong kỳ |  | 129.511.633 |\n| C.IV.1 | 37 | Điều chỉnh giảm thuế GTGT còn được khấu trừ của các kỳ trước |  | 0 |\n| C.IV.2 | 38 | Điều chỉnh tăng", "7.377.803 |\n| C.I.1 | 23 | Giá trị hàng hóa, dịch vụ mua vào trong kỳ | 2.405.743.241 | 215.163.767 |\n| C.I.1 | 23a | Trong đó: hàng hóa, dịch vụ nhập khẩu | 0 | 0 |\n| C.I.2 | 25 | Thuế GTGT của hàng hóa, dịch vụ mua vào được khấu trừ kỳ này |  | 215.163.7"],1.000000,0.485847,0.000000,1.000000,0.621462
"Vốn chủ sở hữu của công ty tại cuối kỳ báo cáo là bao nhiêu và cơ cấu gồm những khoản mục nào?","Vốn chủ sở hữu của công ty tại cuối kỳ báo cáo là 389.200 triệu VNĐ. Cơ cấu gồm những khoản mục sau:\n\n1. Vốn điều lệ: 250.000 triệu VNĐ\n2. Thặng dư vốn cổ phần: 15.000 triệu VNĐ\n3. Lợi nhuận chưa phân phối: 124.200 triệu VNĐ","Vốn chủ sở hữu được trình bày trong Bảng cân đối kế toán phần nguồn vốn, bao gồm các khoản mục: vốn đầu tư của chủ sở hữu (vốn cổ phần đối với công ty cổ phần), thặng dư vốn cổ phần, quỹ đầu tư phát triển, quỹ dự phòng tài chính, lợi nhuận chưa phân phối, và các khoản điều chỉnh khác thuộc vốn chủ sở hữu. Tổng vốn chủ sở hữu bằng tổng tài sản trừ tổng nợ phải trả.",["ạn | 120.000 | 135.000 |\n| **Tổng nợ phải trả** | **215.000** | **223.500** |\n\n#### II. Vốn chủ sở hữu\n\n| Khoản mục | Số đầu năm (triệu VNĐ) | Số cuối năm (triệu VNĐ) |\n|-----------|------------------------|------------------------|\n| Vốn điều lệ | 250.000", "| 250.000 |\n| Thặng dư vốn cổ phần | 15.000 | 15.000 |\n| Lợi nhuận chưa phân phối | 62.000 | 124.200 |\n| **Tổng vốn chủ sở hữu** | **327.000** | **389.200** |\n\n#### **TỔNG NGUỒN VỐN** | **542.000** | **612.700**\n\n---\n\n## II. Báo cáo Kết quả Hoạt động Kinh", "| Khoản mục | Năm 2022 (triệu VNĐ) | Năm 2023 (triệu VNĐ) |\n|-----------|----------------------|----------------------|\n| Doanh thu thuần | 520.000 | 648.000 |\n| Giá vốn hàng bán | 364.000 | 453.600 |\n| **Lợi nhuận gộp** | **156.000** | **194.400** |\n| Chi", "C** | **(25.000)** |\n\n**Tăng/giảm thuần tiền trong kỳ: +17.600**\n**Tiền đầu kỳ: 45.200 — Tiền cuối kỳ: 62.800**\n\n---\n\n## IV. Các chỉ số tài chính chính", "n mục | Số tiền (triệu VNĐ) |\n|-----------|---------------------|\n| Lợi nhuận trước thuế | 125.200 |\n| Điều chỉnh khấu hao | 28.500 |\n| Thay đổi vốn lưu động | (15.300) |\n| Thuế TNDN đã nộp | (23.800) |\n| **Lưu chuyển tiền thuần từ HĐKD** | **114.600** |"],0.800000,0.421424,1.000000,0.000000,0.555356
"Các khoản nợ phải trả dài hạn của công ty bao gồm những gì và tổng giá trị là bao nhiêu?","Các khoản nợ phải trả dài hạn của công ty bao gồm nợ dài hạn với tổng giá trị là 135.000 triệu VNĐ.","Nợ phải trả dài hạn được ghi nhận trên Bảng cân đối kế toán, gồm các khoản có thời gian đáo hạn trên 12 tháng kể từ ngày lập báo cáo, bao gồm: vay và nợ thuê tài chính dài hạn, trái phiếu phát hành, dự phòng phải trả dài hạn, doanh thu chưa thực hiện dài hạn và các khoản nợ dài hạn khác. Tổng giá trị cụ thể cần xem tại Bảng cân đối kế toán trong BCTC.",["TÀI SẢN** | **542.000** | **612.700**\n\n---\n\n### B. NGUỒN VỐN\n\n#### I. Nợ phải trả\n\n| Khoản mục | Số đầu năm (triệu VNĐ) | Số cuối năm (triệu VNĐ) |\n|-----------|------------------------|------------------------|\n| Nợ ngắn hạn | 95.000 | 88.500 |\n| Nợ dài h", "ạn | 120.000 | 135.000 |\n| **Tổng nợ phải trả** | **215.000** | **223.500** |\n\n#### II. Vốn chủ sở hữu\n\n| Khoản mục | Số đầu năm (triệu VNĐ) | Số cuối năm (triệu VNĐ) |\n|-----------|------------------------|------------------------|\n| Vốn điều lệ | 250.000", "-----|\n| Tiền và các khoản tương đương tiền | 45.200 | 62.800 |\n| Các khoản đầu tư tài chính ngắn hạn | 20.000 | 35.000 |\n| Các khoản phải thu ngắn hạn | 38.500 | 41.200 |\n| Hàng tồn kho | 52.300 | 48.900 |\n| Tài sản ngắn hạn khác | 5.100 | 6.300 |\n| **Tổn", "| Tài sản cố định vô hình | 12.000 | 11.400 |\n| Bất động sản đầu tư | 45.000 | 45.000 |\n| Các khoản đầu tư tài chính dài hạn | 30.000 | 42.000 |\n| Tài sản dài hạn khác | 8.900 | 9.600 |\n| **Tổng tài sản dài hạn** | **380.900** | **418.500** |\n\n#### **TỔNG", "ĐĐT** | **(72.000)** |\n\n### Lưu chuyển tiền từ hoạt động tài chính\n\n| Khoản mục | Số tiền (triệu VNĐ) |\n|-----------|---------------------|\n| Vay dài hạn mới | 40.000 |\n| Trả nợ vay | (25.000) |\n| Cổ tức đã trả | (40.000) |\n| **Lưu chuyển tiền thuần từ HĐT"],1.000000,0.415368,0.000000,0.000000,0.353842
"Công ty thực hiện chính sách kế toán nào đối với hàng tồn kho và phương pháp tính giá vốn hàng bán?","Khong tim thay thong tin trong tai lieu duoc cung cap.","Theo thuyết minh báo cáo tài chính, hàng tồn kho thường được ghi nhận theo giá gốc (cost) và đánh giá lại theo giá trị thuần có thể thực hiện được (net realizable value) khi giá trị thuần thấp hơn giá gốc. Phương pháp tính giá có thể là bình quân gia quyền, FIFO (nhập trước xuất trước) hoặc phương pháp xác định riêng tùy theo đặc điểm của loại hàng tồn kho. Chi tiết chính sách kế toán được trình bày trong phần Thuyết minh BCTC.",["| Khoản mục | Năm 2022 (triệu VNĐ) | Năm 2023 (triệu VNĐ) |\n|-----------|----------------------|----------------------|\n| Doanh thu thuần | 520.000 | 648.000 |\n| Giá vốn hàng bán | 364.000 | 453.600 |\n| **Lợi nhuận gộp** | **156.000** | **194.400** |\n| Chi", "-----|\n| Tiền và các khoản tương đương tiền | 45.200 | 62.800 |\n| Các khoản đầu tư tài chính ngắn hạn | 20.000 | 35.000 |\n| Các khoản phải thu ngắn hạn | 38.500 | 41.200 |\n| Hàng tồn kho | 52.300 | 48.900 |\n| Tài sản ngắn hạn khác | 5.100 | 6.300 |\n| **Tổn", "turn on Assets) | 14,6% | 16,3% | Tốt |\n| Tỷ số thanh toán hiện hành | 1,70 | 2,19 | Khả quan |\n| Tỷ số nợ/vốn chủ sở hữu | 0,66 | 0,57 | Cải thiện |\n| Vòng quay hàng tồn kho (lần) | 6,96 | 9,27 | Tốt |\n| EPS (đồng/cổ phiếu) | 3.158 | 4.006 | Tăng trưởng |", "Hàng hóa, dịch vụ bán ra chịu thuế suất 5% | 0 | 0 |\n| C.II.2.c | 32 / 33 | Hàng hóa, dịch vụ bán ra chịu thuế suất 10% | 3.703.688.610 | 344.675.400 |\n| C.II.2.d | 32a | Hàng hóa, dịch vụ bán ra không tính thuế | 0 |  |\n| C.II.3 | 34 / 35 | Tổng doanh th", "67 |\n| C.II.1 | 26 | Hàng hóa, dịch vụ bán ra không chịu thuế GTGT | 0 |  |\n| C.II.2 | 27 | Hàng hóa, dịch vụ bán ra chịu thuế GTGT | 3.703.688.610 | 344.675.400 |\n| C.II.2.a | 29 | Hàng hóa, dịch vụ bán ra chịu thuế suất 0% | 0 |  |\n| C.II.2.b | 30 / 31 |"],0.000000,0.000000,0.000000,0.000000,0.000000
"Luồng tiền từ hoạt động kinh doanh (operating cash flow) của công ty trong kỳ là dương hay âm, và những yếu tố chính nào ảnh hưởng?","Luồng tiền từ hoạt động kinh doanh (operating cash flow) của công ty trong kỳ là dương, với giá trị là 114.600 triệu VNĐ. \n\nCác yếu tố chính ảnh hưởng đến luồng tiền từ hoạt động kinh doanh bao gồm:\n\n1. **Lợi nhuận trước thuế**: Lợi nhuận trước thuế là 125.200 triệu VNĐ, đây là một yếu tố tích cực góp phần vào luồng tiền dương.\n2. **Điều chỉnh khấu hao**: Khấu hao là 28.500 triệu VNĐ, đây là một khoản chi phí không làm giảm tiền mặt, do đó cũng góp phần làm tăng luồng tiền.\n3. **Thay đổi vốn lưu động**: Thay đổi vốn lưu động là âm (-15.300 triệu VNĐ), điều này có thể làm giảm luồng tiền.\n4. **Thuế TNDN đã nộp**: Khoản thuế đã nộp là âm (-23.800 triệu VNĐ), cũng làm giảm luồng tiền từ hoạt động kinh doanh.\n\nTổng hợp lại, mặc dù có một số yếu tố tiêu cực như thay đổi vốn lưu động và thuế đã nộp, nhưng lợi nhuận trước thuế và điều chỉnh khấu hao đã giúp duy trì luồng tiền dương từ hoạt động kinh doanh.","Luồng tiền từ hoạt động kinh doanh được trình bày trên Báo cáo lưu chuyển tiền tệ, phản ánh tiền thu và tiền chi từ hoạt động kinh doanh cốt lõi. Các yếu tố chính ảnh hưởng bao gồm: lợi nhuận trước thuế, khấu hao và dự phòng (điều chỉnh phi tiền mặt), thay đổi trong vốn lưu động (phải thu, hàng tồn kho, phải trả), tiền lãi vay và thuế thu nhập đã nộp. Luồng tiền dương cho thấy doanh nghiệp tạo ra tiền từ hoạt động kinh doanh, âm có thể chỉ ra vấn đề thanh khoản.",["C** | **(25.000)** |\n\n**Tăng/giảm thuần tiền trong kỳ: +17.600**\n**Tiền đầu kỳ: 45.200 — Tiền cuối kỳ: 62.800**\n\n---\n\n## IV. Các chỉ số tài chính chính", "trước thuế** | **98.700** | **125.200** |\n| Thuế thu nhập doanh nghiệp (20%) | 19.740 | 25.040 |\n| **Lợi nhuận sau thuế** | **78.960** | **100.160** |\n\n---\n\n## III. Báo cáo Lưu chuyển Tiền tệ (năm 2023)\n\n### Lưu chuyển tiền từ hoạt động kinh doanh\n\n| Khoả", "7.377.803 |\n| C.I.1 | 23 | Giá trị hàng hóa, dịch vụ mua vào trong kỳ | 2.405.743.241 | 215.163.767 |\n| C.I.1 | 23a | Trong đó: hàng hóa, dịch vụ nhập khẩu | 0 | 0 |\n| C.I.2 | 25 | Thuế GTGT của hàng hóa, dịch vụ mua vào được khấu trừ kỳ này |  | 215.163.7", "| 250.000 |\n| Thặng dư vốn cổ phần | 15.000 | 15.000 |\n| Lợi nhuận chưa phân phối | 62.000 | 124.200 |\n| **Tổng vốn chủ sở hữu** | **327.000** | **389.200** |\n\n#### **TỔNG NGUỒN VỐN** | **542.000** | **612.700**\n\n---\n\n## II. Báo cáo Kết quả Hoạt động Kinh", "n mục | Số tiền (triệu VNĐ) |\n|-----------|---------------------|\n| Lợi nhuận trước thuế | 125.200 |\n| Điều chỉnh khấu hao | 28.500 |\n| Thay đổi vốn lưu động | (15.300) |\n| Thuế TNDN đã nộp | (23.800) |\n| **Lưu chuyển tiền thuần từ HĐKD** | **114.600** |"],1.000000,0.589877,0.450000,0.666667,0.676636
